long_name,link,season,number,name,id
101  Monica Gets A Roommate ,https://fangj.github.io/friends/season/0101.html,1,01,Monica Gets A Roommate,1 : 01
102  The Sonogram At The End ,https://fangj.github.io/friends/season/0102.html,1,02,The Sonogram At The End,1 : 02
103  The Thumb ,https://fangj.github.io/friends/season/0103.html,1,03,The Thumb,1 : 03
104  George Stephanopoulos ,https://fangj.github.io/friends/season/0104.html,1,04,George Stephanopoulos,1 : 04
105  The East German Laundry Detergent ,https://fangj.github.io/friends/season/0105.html,1,05,The East German Laundry Detergent,1 : 05
106  The Butt ,https://fangj.github.io/friends/season/0106.html,1,06,The Butt,1 : 06
107  The Blackout ,https://fangj.github.io/friends/season/0107.html,1,07,The Blackout,1 : 07
108  Nana Dies Twice ,https://fangj.github.io/friends/season/0108.html,1,08,Nana Dies Twice,1 : 08
109  Underdog Gets Away ,https://fangj.github.io/friends/season/0109.html,1,09,Underdog Gets Away,1 : 09
110  The Monkey ,https://fangj.github.io/friends/season/0110.html,1,10,The Monkey,1 : 10
111  Mrs. Bing ,https://fangj.github.io/friends/season/0111.html,1,11,Mrs. Bing,1 : 11
112  The Dozen Lasagnas ,https://fangj.github.io/friends/season/0112.html,1,12,The Dozen Lasagnas,1 : 12
113  The Boobies ,https://fangj.github.io/friends/season/0113.html,1,13,The Boobies,1 : 13
114  The Candy Hearts ,https://fangj.github.io/friends/season/0114.html,1,14,The Candy Hearts,1 : 14
115  The Stoned Guy ,https://fangj.github.io/friends/season/0115.html,1,15,The Stoned Guy,1 : 15
"116  The Two Parts, Part I ",https://fangj.github.io/friends/season/0116.html,1,16,"The Two Parts, Part I",1 : 16
"117  The Two Parts, Part II ",https://fangj.github.io/friends/season/0117.html,1,17,"The Two Parts, Part II",1 : 17
118  All The Poker ,https://fangj.github.io/friends/season/0118.html,1,18,All The Poker,1 : 18
119  The Monkey Gets Away ,https://fangj.github.io/friends/season/0119.html,1,19,The Monkey Gets Away,1 : 19
120  The Evil Orthodontist ,https://fangj.github.io/friends/season/0120.html,1,20,The Evil Orthodontist,1 : 20
121  The Fake Monica ,https://fangj.github.io/friends/season/0121.html,1,21,The Fake Monica,1 : 21
122  The Ick Factor ,https://fangj.github.io/friends/season/0122.html,1,22,The Ick Factor,1 : 22
123  The Birth ,https://fangj.github.io/friends/season/0123.html,1,23,The Birth,1 : 23
124  Rachel Finds Out ,https://fangj.github.io/friends/season/0124.html,1,24,Rachel Finds Out,1 : 24
201 Ross's New Girlfriend,https://fangj.github.io/friends/season/0201.html,2,01,Ross's New Girlfriend,2 : 01
202 The Breast Milk,https://fangj.github.io/friends/season/0202.html,2,02,The Breast Milk,2 : 02
203 Heckles Dies,https://fangj.github.io/friends/season/0203.html,2,03,Heckles Dies,2 : 03
204 Phoebe's Husband,https://fangj.github.io/friends/season/0204.html,2,04,Phoebe's Husband,2 : 04
205 Five Steaks And An Eggplant,https://fangj.github.io/friends/season/0205.html,2,05,Five Steaks And An Eggplant,2 : 05
206 The Baby On The Bus,https://fangj.github.io/friends/season/0206.html,2,06,The Baby On The Bus,2 : 06
207 Ross Finds Out,https://fangj.github.io/friends/season/0207.html,2,07,Ross Finds Out,2 : 07
208 The List,https://fangj.github.io/friends/season/0208.html,2,08,The List,2 : 08
209 Phoebe's Dad,https://fangj.github.io/friends/season/0209.html,2,09,Phoebe's Dad,2 : 09
210 Russ,https://fangj.github.io/friends/season/0210.html,2,10,Russ,2 : 10
211 The Lesbian Wedding,https://fangj.github.io/friends/season/0211.html,2,11,The Lesbian Wedding,2 : 11
212-213 The Superbowl,https://fangj.github.io/friends/season/0212-0213.html,2,12-13,The Superbowl,2 : 12-13
214 The Prom Video,https://fangj.github.io/friends/season/0214.html,2,14,The Prom Video,2 : 14
215 Ross And Rachel... You Know,https://fangj.github.io/friends/season/0215.html,2,15,Ross And Rachel... You Know,2 : 15
216 Joey Moves Out,https://fangj.github.io/friends/season/0216.html,2,16,Joey Moves Out,2 : 16
217 Eddie Moves In,https://fangj.github.io/friends/season/0217.html,2,17,Eddie Moves In,2 : 17
218 Dr. Ramoray Dies,https://fangj.github.io/friends/season/0218.html,2,18,Dr. Ramoray Dies,2 : 18
219 Eddie Won't Go,https://fangj.github.io/friends/season/0219.html,2,19,Eddie Won't Go,2 : 19
220 uld Yeller Dies,https://fangj.github.io/friends/season/0220.html,2,20,uld Yeller Dies,2 : 20
221 The Bullies,https://fangj.github.io/friends/season/0221.html,2,21,The Bullies,2 : 21
222 The Two Parties,https://fangj.github.io/friends/season/0222.html,2,22,The Two Parties,2 : 22
223 The Chicken Pox,https://fangj.github.io/friends/season/0223.html,2,23,The Chicken Pox,2 : 23
224 Barry And Mindy's Wedding,https://fangj.github.io/friends/season/0224.html,2,24,Barry And Mindy's Wedding,2 : 24
301 The Princess Leia Fantasy ,https://fangj.github.io/friends/season/0301.html,3,01,The Princess Leia Fantasy,3 : 01
302 No One's Ready,https://fangj.github.io/friends/season/0302.html,3,02,No One's Ready,3 : 02
303 The Jam,https://fangj.github.io/friends/season/0303.html,3,03,The Jam,3 : 03
304 The Metaphorical Tunnel,https://fangj.github.io/friends/season/0304.html,3,04,The Metaphorical Tunnel,3 : 04
305 Frank Jr.,https://fangj.github.io/friends/season/0305.html,3,05,Frank Jr.,3 : 05
306 The Flashback,https://fangj.github.io/friends/season/0306.html,3,06,The Flashback,3 : 06
307 The Race Car Bed,https://fangj.github.io/friends/season/0307.html,3,07,The Race Car Bed,3 : 07
308 The Giant Poking Device,https://fangj.github.io/friends/season/0308.html,3,08,The Giant Poking Device,3 : 08
309 The Football,https://fangj.github.io/friends/season/0309.html,3,09,The Football,3 : 09
310 Rachel Quits,https://fangj.github.io/friends/season/0310.html,3,10,Rachel Quits,3 : 10
311 Chandler Can't Remember Which Sister,https://fangj.github.io/friends/season/0311.html,3,11,Chandler Can't Remember Which Sister,3 : 11
312 All The Jealousy,https://fangj.github.io/friends/season/0312.html,3,12,All The Jealousy,3 : 12
313 Monica And Richard Are Just Friends,https://fangj.github.io/friends/season/0313.html,3,13,Monica And Richard Are Just Friends,3 : 13
314 Phoebe's Ex-Partner,https://fangj.github.io/friends/season/0314.html,3,14,Phoebe's Ex-Partner,3 : 14
315 Ross And Rachel Take A Break,https://fangj.github.io/friends/season/0315.html,3,15,Ross And Rachel Take A Break,3 : 15
316 The Morning After,https://fangj.github.io/friends/season/0316.html,3,16,The Morning After,3 : 16
317 The Ski Trip,https://fangj.github.io/friends/season/0317.html,3,17,The Ski Trip,3 : 17
318 The Hypnosis Tape,https://fangj.github.io/friends/season/0318.html,3,18,The Hypnosis Tape,3 : 18
319 The Tiny T-Shirt,https://fangj.github.io/friends/season/0319.html,3,19,The Tiny T-Shirt,3 : 19
320 The Dullhouse,https://fangj.github.io/friends/season/0320.html,3,20,The Dullhouse,3 : 20
321 The Chick And The Duck,https://fangj.github.io/friends/season/0321.html,3,21,The Chick And The Duck,3 : 21
322 The Screamer,https://fangj.github.io/friends/season/0322.html,3,22,The Screamer,3 : 22
323 Ross's Thing,https://fangj.github.io/friends/season/0323.html,3,23,Ross's Thing,3 : 23
324 The Ultimate Fighting Champion,https://fangj.github.io/friends/season/0324.html,3,24,The Ultimate Fighting Champion,3 : 24
325 At The Beach,https://fangj.github.io/friends/season/0325.html,3,25,At The Beach,3 : 25
401 The Jellyfish,https://fangj.github.io/friends/season/0401.html,4,01,The Jellyfish,4 : 01
402 The Cat,https://fangj.github.io/friends/season/0402.html,4,02,The Cat,4 : 02
403 The Cuffs,https://fangj.github.io/friends/season/0403.html,4,03,The Cuffs,4 : 03
404 The Ballroom Dancing,https://fangj.github.io/friends/season/0404.html,4,04,The Ballroom Dancing,4 : 04
405 Joey's New Girlfriend,https://fangj.github.io/friends/season/0405.html,4,05,Joey's New Girlfriend,4 : 05
406 The Dirty Girl,https://fangj.github.io/friends/season/0406.html,4,06,The Dirty Girl,4 : 06
407 Chandler Crosses The Line,https://fangj.github.io/friends/season/0407.html,4,07,Chandler Crosses The Line,4 : 07
408 Chandler In A Box,https://fangj.github.io/friends/season/0408.html,4,08,Chandler In A Box,4 : 08
409 They're Going To Party,https://fangj.github.io/friends/season/0409.html,4,09,They're Going To Party,4 : 09
410 The Girl From Poughkeepsie,https://fangj.github.io/friends/season/0410.html,4,10,The Girl From Poughkeepsie,4 : 10
411 Phoebe's Uterus,https://fangj.github.io/friends/season/0411.html,4,11,Phoebe's Uterus,4 : 11
412 The Embryos,https://fangj.github.io/friends/season/0412.html,4,12,The Embryos,4 : 12
413 Rachel's Crush,https://fangj.github.io/friends/season/0413.html,4,13,Rachel's Crush,4 : 13
414 Joey's Dirty Day,https://fangj.github.io/friends/season/0414.html,4,14,Joey's Dirty Day,4 : 14
415 All The Rugby,https://fangj.github.io/friends/season/0415.html,4,15,All The Rugby,4 : 15
416 The Fake Party,https://fangj.github.io/friends/season/0416.html,4,16,The Fake Party,4 : 16
417 The Free Porn,https://fangj.github.io/friends/season/0417.html,4,17,The Free Porn,4 : 17
418 Rachel's New Dress,https://fangj.github.io/friends/season/0418.html,4,18,Rachel's New Dress,4 : 18
419 All The Haste,https://fangj.github.io/friends/season/0419.html,4,19,All The Haste,4 : 19
420 The Wedding Dresses,https://fangj.github.io/friends/season/0420.html,4,20,The Wedding Dresses,4 : 20
421 The Invitation,https://fangj.github.io/friends/season/0421.html,4,21,The Invitation,4 : 21
422 The Worst Best Man Ever,https://fangj.github.io/friends/season/0422.html,4,22,The Worst Best Man Ever,4 : 22
423 Ross's Wedding,https://fangj.github.io/friends/season/0423.html,4,23,Ross's Wedding,4 : 23
501 Ross Says Rachel,https://fangj.github.io/friends/season/0501.html,5,01,Ross Says Rachel,5 : 01
502 All The Kissing,https://fangj.github.io/friends/season/0502.html,5,02,All The Kissing,5 : 02
503 Hundredth,https://fangj.github.io/friends/season/0503.html,5,03,Hundredth,5 : 03
504 Phoebe Hates PBS,https://fangj.github.io/friends/season/0504.html,5,04,Phoebe Hates PBS,5 : 04
505 The Kips,https://fangj.github.io/friends/season/0505.html,5,05,The Kips,5 : 05
506 The Yeti,https://fangj.github.io/friends/season/0506.html,5,06,The Yeti,5 : 06
507 Ross Moves In,https://fangj.github.io/friends/season/0507.html,5,07,Ross Moves In,5 : 07
508 The Thanksgiving Flashbacks,https://fangj.github.io/friends/season/0508.html,5,08,The Thanksgiving Flashbacks,5 : 08
509 Ross's Sandwich,https://fangj.github.io/friends/season/0509.html,5,09,Ross's Sandwich,5 : 09
510 The Inappropriate Sister,https://fangj.github.io/friends/season/0510.html,5,10,The Inappropriate Sister,5 : 10
511 All The Resulutions,https://fangj.github.io/friends/season/0511.html,5,11,All The Resulutions,5 : 11
512 Chandler's Work Laugh,https://fangj.github.io/friends/season/0512.html,5,12,Chandler's Work Laugh,5 : 12
513 Joey's Bag,https://fangj.github.io/friends/season/0513.html,5,13,Joey's Bag,5 : 13
514 Everybody Finds Out,https://fangj.github.io/friends/season/0514.html,5,14,Everybody Finds Out,5 : 14
515 The Girl Who Hits Joey,https://fangj.github.io/friends/season/0515.html,5,15,The Girl Who Hits Joey,5 : 15
516 The Cop,https://fangj.github.io/friends/season/0516.html,5,16,The Cop,5 : 16
517 Rachel's Inadvertant Kiss,https://fangj.github.io/friends/season/0517.html,5,17,Rachel's Inadvertant Kiss,5 : 17
518 Rachel Smokes,https://fangj.github.io/friends/season/0518.html,5,18,Rachel Smokes,5 : 18
519 Ross Can't Flirt,https://fangj.github.io/friends/season/0519.html,5,19,Ross Can't Flirt,5 : 19
520 The Ride Along,https://fangj.github.io/friends/season/0520.html,5,20,The Ride Along,5 : 20
521 The Ball,https://fangj.github.io/friends/season/0521.html,5,21,The Ball,5 : 21
522 Joey's Big Break,https://fangj.github.io/friends/season/0522.html,5,22,Joey's Big Break,5 : 22
523 In Vegas,https://fangj.github.io/friends/season/0523.html,5,23,In Vegas,5 : 23
601 Vegas,https://fangj.github.io/friends/season/0601.html,6,01,Vegas,6 : 01
602 Ross Hugs Rachel,https://fangj.github.io/friends/season/0602.html,6,02,Ross Hugs Rachel,6 : 02
603 Ross's Denial,https://fangj.github.io/friends/season/0603.html,6,03,Ross's Denial,6 : 03
604 Joey Loses His Insurance,https://fangj.github.io/friends/season/0604.html,6,04,Joey Loses His Insurance,6 : 04
605 Joey's Porsche,https://fangj.github.io/friends/season/0605.html,6,05,Joey's Porsche,6 : 05
606 On The Last Night,https://fangj.github.io/friends/season/0606.html,6,06,On The Last Night,6 : 06
607 Phoebe Runs,https://fangj.github.io/friends/season/0607.html,6,07,Phoebe Runs,6 : 07
608 Ross's Teeth,https://fangj.github.io/friends/season/0608.html,6,08,Ross's Teeth,6 : 08
609 Ross Got High,https://fangj.github.io/friends/season/0609.html,6,09,Ross Got High,6 : 09
610 The Routine,https://fangj.github.io/friends/season/0610.html,6,10,The Routine,6 : 10
611 The Apothecary Table,https://fangj.github.io/friends/season/0611.html,6,11,The Apothecary Table,6 : 11
612 The Joke,https://fangj.github.io/friends/season/0612.html,6,12,The Joke,6 : 12
613 Rachel's Sister,https://fangj.github.io/friends/season/0613.html,6,13,Rachel's Sister,6 : 13
614 Chandler Can't Cry,https://fangj.github.io/friends/season/0614.html,6,14,Chandler Can't Cry,6 : 14
"615-616 That Could Have Been, Part I & II",https://fangj.github.io/friends/season/0615-0616.html,6,15-16,"That Could Have Been, Part I & II",6 : 15-16
617 Unagi,https://fangj.github.io/friends/season/0617.html,6,17,Unagi,6 : 17
618 Ross Dates A Student,https://fangj.github.io/friends/season/0618.html,6,18,Ross Dates A Student,6 : 18
619 Joey's Fridge,https://fangj.github.io/friends/season/0619.html,6,19,Joey's Fridge,6 : 19
620 Mac And C.H.E.E.S.E.,https://fangj.github.io/friends/season/0620.html,6,20,Mac And C.H.E.E.S.E.,6 : 20
621 Ross Meets Elizabeth's Dad,https://fangj.github.io/friends/season/0621.html,6,21,Ross Meets Elizabeth's Dad,6 : 21
622 Paul's The Man,https://fangj.github.io/friends/season/0622.html,6,22,Paul's The Man,6 : 22
623 The Ring,https://fangj.github.io/friends/season/0623.html,6,23,The Ring,6 : 23
"624 The Proposal, Part I & II",https://fangj.github.io/friends/season/0624.html,6,24,"The Proposal, Part I & II",6 : 24
701 Monica's Thunder,https://fangj.github.io/friends/season/0701.html,7,01,Monica's Thunder,7 : 01
702 Rachel's Book,https://fangj.github.io/friends/season/0702.html,7,02,Rachel's Book,7 : 02
703 Phoebe's Cookies,https://fangj.github.io/friends/season/0703.html,7,03,Phoebe's Cookies,7 : 03
704 Rachel's Assistant,https://fangj.github.io/friends/season/0704.html,7,04,Rachel's Assistant,7 : 04
705 The Engagement Picture,https://fangj.github.io/friends/season/0705.html,7,05,The Engagement Picture,7 : 05
706 The Nap Partners,https://fangj.github.io/friends/season/0706.html,7,06,The Nap Partners,7 : 06
707 Ross's Library Book,https://fangj.github.io/friends/season/0707.html,7,07,Ross's Library Book,7 : 07
708 Chandler Doesn't Like Dogs,https://fangj.github.io/friends/season/0708.html,7,08,Chandler Doesn't Like Dogs,7 : 08
709 All The Candy,https://fangj.github.io/friends/season/0709.html,7,09,All The Candy,7 : 09
710 The Huliday Armadillo,https://fangj.github.io/friends/season/0710.html,7,10,The Huliday Armadillo,7 : 10
711 All The Cheesecakes,https://fangj.github.io/friends/season/0711.html,7,11,All The Cheesecakes,7 : 11
712 They're Up All Night,https://fangj.github.io/friends/season/0712.html,7,12,They're Up All Night,7 : 12
713 Rosita Dies,https://fangj.github.io/friends/season/0713.html,7,13,Rosita Dies,7 : 13
714 They All Turn Thirty,https://fangj.github.io/friends/season/0714.html,7,14,They All Turn Thirty,7 : 14
715 Joey's New Brain,https://fangj.github.io/friends/season/0715.html,7,15,Joey's New Brain,7 : 15
716 The Truth About London,https://fangj.github.io/friends/season/0716.html,7,16,The Truth About London,7 : 16
717 The Cheap Wedding Dress,https://fangj.github.io/friends/season/0717.html,7,17,The Cheap Wedding Dress,7 : 17
718 Joey's Award,https://fangj.github.io/friends/season/0718.html,7,18,Joey's Award,7 : 18
719 Ross And Monica's Cousin,https://fangj.github.io/friends/season/0719.html,7,19,Ross And Monica's Cousin,7 : 19
720 Rachel's Big Kiss,https://fangj.github.io/friends/season/0720.html,7,20,Rachel's Big Kiss,7 : 20
721 The Vows,https://fangj.github.io/friends/season/0721.html,7,21,The Vows,7 : 21
722 Chandler's Dad,https://fangj.github.io/friends/season/0722.html,7,22,Chandler's Dad,7 : 22
723 Chandler And Monica's Wedding,https://fangj.github.io/friends/season/0723.html,7,23,Chandler And Monica's Wedding,7 : 23
724 outtakesFriends Special: The Stuff You've Never Seen,https://fangj.github.io/friends/season/07outtakes.html,7,24,outtakesFriends Special: The Stuff You've Never Seen,7 : 24
"801 ""I Do""",https://fangj.github.io/friends/season/0801.html,8,01,"""I Do""",8 : 01
802 The Red Sweater,https://fangj.github.io/friends/season/0802.html,8,02,The Red Sweater,8 : 02
803 Rachel Tells...,https://fangj.github.io/friends/season/0803.html,8,03,Rachel Tells...,8 : 03
804 The Videotape,https://fangj.github.io/friends/season/0804.html,8,04,The Videotape,8 : 04
805 Rachel's Date,https://fangj.github.io/friends/season/0805.html,8,05,Rachel's Date,8 : 05
806 The Halloween Party,https://fangj.github.io/friends/season/0806.html,8,06,The Halloween Party,8 : 06
807 The Stain,https://fangj.github.io/friends/season/0807.html,8,07,The Stain,8 : 07
808 The Stripper,https://fangj.github.io/friends/season/0808.html,8,08,The Stripper,8 : 08
809 The Rumor,https://fangj.github.io/friends/season/0809.html,8,09,The Rumor,8 : 09
810 Monica's Boots,https://fangj.github.io/friends/season/0810.html,8,10,Monica's Boots,8 : 10
811 Ross's Step Forward,https://fangj.github.io/friends/season/0811.html,8,11,Ross's Step Forward,8 : 11
812 Joey Dates Rachel,https://fangj.github.io/friends/season/0812.html,8,12,Joey Dates Rachel,8 : 12
813 Chandler Takes A Bath,https://fangj.github.io/friends/season/0813.html,8,13,Chandler Takes A Bath,8 : 13
814 The Secret Closet,https://fangj.github.io/friends/season/0814.html,8,14,The Secret Closet,8 : 14
815 The Birthing Video,https://fangj.github.io/friends/season/0815.html,8,15,The Birthing Video,8 : 15
816 Joey Tells Rachel,https://fangj.github.io/friends/season/0816.html,8,16,Joey Tells Rachel,8 : 16
817 The Tea Leaves,https://fangj.github.io/friends/season/0817.html,8,17,The Tea Leaves,8 : 17
818 In Massapequa,https://fangj.github.io/friends/season/0818.html,8,18,In Massapequa,8 : 18
819 Joey's Interview,https://fangj.github.io/friends/season/0819.html,8,19,Joey's Interview,8 : 19
820 The Baby Shower,https://fangj.github.io/friends/season/0820.html,8,20,The Baby Shower,8 : 20
821 The Cooking Class,https://fangj.github.io/friends/season/0821.html,8,21,The Cooking Class,8 : 21
822 Rachel Is Late,https://fangj.github.io/friends/season/0822.html,8,22,Rachel Is Late,8 : 22
823 Rachel Has A Baby,https://fangj.github.io/friends/season/0823.html,8,23,Rachel Has A Baby,8 : 23
901 No One Proposes,https://fangj.github.io/friends/season/0901.html,9,01,No One Proposes,9 : 01
902 Emma Cries,https://fangj.github.io/friends/season/0902.html,9,02,Emma Cries,9 : 02
903 The Pediatrician,https://fangj.github.io/friends/season/0903.html,9,03,The Pediatrician,9 : 03
904 The Sharks,https://fangj.github.io/friends/season/0904.html,9,04,The Sharks,9 : 04
905 Phoebe's Birthday Dinner,https://fangj.github.io/friends/season/0905.html,9,05,Phoebe's Birthday Dinner,9 : 05
906 The Male Nanny,https://fangj.github.io/friends/season/0906.html,9,06,The Male Nanny,9 : 06
907 Ross's Inappropriate Song,https://fangj.github.io/friends/season/0907.html,9,07,Ross's Inappropriate Song,9 : 07
908 Rachel's Other Sister,https://fangj.github.io/friends/season/0908.html,9,08,Rachel's Other Sister,9 : 08
909 Rachel's Phone Number,https://fangj.github.io/friends/season/0909.html,9,09,Rachel's Phone Number,9 : 09
910 Christmas In Tulsa,https://fangj.github.io/friends/season/0910.html,9,10,Christmas In Tulsa,9 : 10
911 Rachel Goes Back To Work,https://fangj.github.io/friends/season/0911.html,9,11,Rachel Goes Back To Work,9 : 11
912 Phoebe's Rats,https://fangj.github.io/friends/season/0912.html,9,12,Phoebe's Rats,9 : 12
913 Monica Sings,https://fangj.github.io/friends/season/0913.html,9,13,Monica Sings,9 : 13
914 The Blind Dates,https://fangj.github.io/friends/season/0914.html,9,14,The Blind Dates,9 : 14
915 The Mugging,https://fangj.github.io/friends/season/0915.html,9,15,The Mugging,9 : 15
916 The Boob Job,https://fangj.github.io/friends/season/0916.html,9,16,The Boob Job,9 : 16
917 The Memorial Service,https://fangj.github.io/friends/season/0917.html,9,17,The Memorial Service,9 : 17
918 The Lottery,https://fangj.github.io/friends/season/0918.html,9,18,The Lottery,9 : 18
919 Rachel's Dream,https://fangj.github.io/friends/season/0919.html,9,19,Rachel's Dream,9 : 19
920 The Soap Opera Party,https://fangj.github.io/friends/season/0920.html,9,20,The Soap Opera Party,9 : 20
921 The Fertility Test,https://fangj.github.io/friends/season/0921.html,9,21,The Fertility Test,9 : 21
922 The Donor,https://fangj.github.io/friends/season/0922.html,9,22,The Donor,9 : 22
923-924 In Barbados,https://fangj.github.io/friends/season/0923-0924.html,9,23-24,In Barbados,9 : 23-24
1001 Joey and Rachel Kiss,https://fangj.github.io/friends/season/1001.html,10,01,Joey and Rachel Kiss,10 : 01
1002 Ross Is Fine,https://fangj.github.io/friends/season/1002.html,10,02,Ross Is Fine,10 : 02
1003 Ross's Tan,https://fangj.github.io/friends/season/1003.html,10,03,Ross's Tan,10 : 03
1004 The Cake,https://fangj.github.io/friends/season/1004.html,10,04,The Cake,10 : 04
1005  Rachel's Sister Babysits,https://fangj.github.io/friends/season/1005.html,10,05,Rachel's Sister Babysits,10 : 05
1006  Ross's Grant,https://fangj.github.io/friends/season/1006.html,10,06,Ross's Grant,10 : 06
1007 The Home Study,https://fangj.github.io/friends/season/1007.html,10,07,The Home Study,10 : 07
1008 The Late Thanksgiving,https://fangj.github.io/friends/season/1008.html,10,08,The Late Thanksgiving,10 : 08
1009 The Birth Mother,https://fangj.github.io/friends/season/1009.html,10,09,The Birth Mother,10 : 09
1010 Chandler Gets Caught,https://fangj.github.io/friends/season/1010.html,10,10,Chandler Gets Caught,10 : 10
1011 The Stripper Cries,https://fangj.github.io/friends/season/1011.html,10,11,The Stripper Cries,10 : 11
1012  Phoebe's Wedding,https://fangj.github.io/friends/season/1012.html,10,12,Phoebe's Wedding,10 : 12
1013 Joey Speaks French,https://fangj.github.io/friends/season/1013.html,10,13,Joey Speaks French,10 : 13
1014 Princess Consuela,https://fangj.github.io/friends/season/1014.html,10,14,Princess Consuela,10 : 14
1015 Estelle Dies,https://fangj.github.io/friends/season/1015.html,10,15,Estelle Dies,10 : 15
1016 Rachel's Going Away Party,https://fangj.github.io/friends/season/1016.html,10,16,Rachel's Going Away Party,10 : 16
"1017-1018 The Last One, Part I & II",https://fangj.github.io/friends/season/1017-1018.html,10,17-18,"The Last One, Part I & II",10 : 17-18
